weight_name,weight_score
model.layers.0.self_attn.q_proj.weight,3.3715357780456543
model.layers.0.self_attn.k_proj.weight,2.5608372688293457
model.layers.0.self_attn.v_proj.weight,10.16821002960205
model.layers.0.self_attn.o_proj.weight,36.29844665527344
model.layers.0.mlp.gate_proj.weight,46.96947479248047
model.layers.0.mlp.up_proj.weight,54.168785095214844
model.layers.0.mlp.down_proj.weight,64.71174621582031
model.layers.0.input_layernorm.weight,0.5381937026977539
model.layers.0.post_attention_layernorm.weight,0.8761135935783386
model.layers.1.self_attn.q_proj.weight,5.397604942321777
model.layers.1.self_attn.k_proj.weight,2.921905755996704
model.layers.1.self_attn.v_proj.weight,14.059537887573242
model.layers.1.self_attn.o_proj.weight,34.88019561767578
model.layers.1.mlp.gate_proj.weight,52.08027267456055
model.layers.1.mlp.up_proj.weight,58.59468460083008
model.layers.1.mlp.down_proj.weight,66.93026733398438
model.layers.1.input_layernorm.weight,0.664077877998352
model.layers.1.post_attention_layernorm.weight,0.9426742196083069
model.layers.2.self_attn.q_proj.weight,12.011831283569336
model.layers.2.self_attn.k_proj.weight,5.148577690124512
model.layers.2.self_attn.v_proj.weight,8.827856063842773
model.layers.2.self_attn.o_proj.weight,19.3609561920166
model.layers.2.mlp.gate_proj.weight,55.858089447021484
model.layers.2.mlp.up_proj.weight,60.980224609375
model.layers.2.mlp.down_proj.weight,62.03080368041992
model.layers.2.input_layernorm.weight,0.5401791930198669
model.layers.2.post_attention_layernorm.weight,0.9541720151901245
model.layers.3.self_attn.q_proj.weight,13.016288757324219
model.layers.3.self_attn.k_proj.weight,6.03926420211792
model.layers.3.self_attn.v_proj.weight,10.186206817626953
model.layers.3.self_attn.o_proj.weight,23.030651092529297
model.layers.3.mlp.gate_proj.weight,49.19227600097656
model.layers.3.mlp.up_proj.weight,56.61683654785156
model.layers.3.mlp.down_proj.weight,55.39008712768555
model.layers.3.input_layernorm.weight,0.6191249489784241
model.layers.3.post_attention_layernorm.weight,0.8641049265861511
model.layers.4.self_attn.q_proj.weight,10.467035293579102
model.layers.4.self_attn.k_proj.weight,4.586489677429199
model.layers.4.self_attn.v_proj.weight,8.785810470581055
model.layers.4.self_attn.o_proj.weight,20.63828468322754
model.layers.4.mlp.gate_proj.weight,41.659263610839844
model.layers.4.mlp.up_proj.weight,53.257286071777344
model.layers.4.mlp.down_proj.weight,53.275726318359375
model.layers.4.input_layernorm.weight,0.5049046277999878
model.layers.4.post_attention_layernorm.weight,0.8205114006996155
model.layers.5.self_attn.q_proj.weight,9.058821678161621
model.layers.5.self_attn.k_proj.weight,3.8135783672332764
model.layers.5.self_attn.v_proj.weight,6.38869571685791
model.layers.5.self_attn.o_proj.weight,17.47140121459961
model.layers.5.mlp.gate_proj.weight,37.82154083251953
model.layers.5.mlp.up_proj.weight,49.81688690185547
model.layers.5.mlp.down_proj.weight,49.86628723144531
model.layers.5.input_layernorm.weight,0.37801116704940796
model.layers.5.post_attention_layernorm.weight,0.7425414323806763
model.layers.6.self_attn.q_proj.weight,9.442733764648438
model.layers.6.self_attn.k_proj.weight,4.193881988525391
model.layers.6.self_attn.v_proj.weight,6.979559898376465
model.layers.6.self_attn.o_proj.weight,19.56451416015625
model.layers.6.mlp.gate_proj.weight,34.694435119628906
model.layers.6.mlp.up_proj.weight,47.43128967285156
model.layers.6.mlp.down_proj.weight,47.82437515258789
model.layers.6.input_layernorm.weight,0.4251886010169983
model.layers.6.post_attention_layernorm.weight,0.6918540000915527
model.layers.7.self_attn.q_proj.weight,9.765463829040527
model.layers.7.self_attn.k_proj.weight,3.8520936965942383
model.layers.7.self_attn.v_proj.weight,6.636854648590088
model.layers.7.self_attn.o_proj.weight,21.575292587280273
model.layers.7.mlp.gate_proj.weight,32.490726470947266
model.layers.7.mlp.up_proj.weight,43.484954833984375
model.layers.7.mlp.down_proj.weight,43.841678619384766
model.layers.7.input_layernorm.weight,0.35489463806152344
model.layers.7.post_attention_layernorm.weight,0.6612337827682495
model.layers.8.self_attn.q_proj.weight,8.989166259765625
model.layers.8.self_attn.k_proj.weight,3.386465549468994
model.layers.8.self_attn.v_proj.weight,6.072403907775879
model.layers.8.self_attn.o_proj.weight,21.124252319335938
model.layers.8.mlp.gate_proj.weight,29.389644622802734
model.layers.8.mlp.up_proj.weight,40.18318176269531
model.layers.8.mlp.down_proj.weight,41.585487365722656
model.layers.8.input_layernorm.weight,0.3593176603317261
model.layers.8.post_attention_layernorm.weight,0.5901488661766052
model.layers.9.self_attn.q_proj.weight,8.891042709350586
model.layers.9.self_attn.k_proj.weight,3.274172782897949
model.layers.9.self_attn.v_proj.weight,6.4612812995910645
model.layers.9.self_attn.o_proj.weight,20.825092315673828
model.layers.9.mlp.gate_proj.weight,27.12302017211914
model.layers.9.mlp.up_proj.weight,37.16571044921875
model.layers.9.mlp.down_proj.weight,39.02119445800781
model.layers.9.input_layernorm.weight,0.3899761438369751
model.layers.9.post_attention_layernorm.weight,0.5479570627212524
model.layers.10.self_attn.q_proj.weight,7.068573474884033
model.layers.10.self_attn.k_proj.weight,2.8546524047851562
model.layers.10.self_attn.v_proj.weight,5.059477806091309
model.layers.10.self_attn.o_proj.weight,16.64983367919922
model.layers.10.mlp.gate_proj.weight,25.65643310546875
model.layers.10.mlp.up_proj.weight,35.33978271484375
model.layers.10.mlp.down_proj.weight,36.90977096557617
model.layers.10.input_layernorm.weight,0.3130444288253784
model.layers.10.post_attention_layernorm.weight,0.5160139203071594
model.layers.11.self_attn.q_proj.weight,8.627796173095703
model.layers.11.self_attn.k_proj.weight,3.274930238723755
model.layers.11.self_attn.v_proj.weight,5.2051825523376465
model.layers.11.self_attn.o_proj.weight,18.598377227783203
model.layers.11.mlp.gate_proj.weight,24.725799560546875
model.layers.11.mlp.up_proj.weight,34.0662956237793
model.layers.11.mlp.down_proj.weight,34.440155029296875
model.layers.11.input_layernorm.weight,0.2946133613586426
model.layers.11.post_attention_layernorm.weight,0.4914129972457886
model.layers.12.self_attn.q_proj.weight,7.622805118560791
model.layers.12.self_attn.k_proj.weight,3.010594129562378
model.layers.12.self_attn.v_proj.weight,6.172464370727539
model.layers.12.self_attn.o_proj.weight,19.472002029418945
model.layers.12.mlp.gate_proj.weight,23.699573516845703
model.layers.12.mlp.up_proj.weight,32.471405029296875
model.layers.12.mlp.down_proj.weight,34.27686309814453
model.layers.12.input_layernorm.weight,0.2916252613067627
model.layers.12.post_attention_layernorm.weight,0.5018362998962402
model.layers.13.self_attn.q_proj.weight,7.728722095489502
model.layers.13.self_attn.k_proj.weight,2.881028175354004
model.layers.13.self_attn.v_proj.weight,5.649431228637695
model.layers.13.self_attn.o_proj.weight,18.270687103271484
model.layers.13.mlp.gate_proj.weight,22.51300048828125
model.layers.13.mlp.up_proj.weight,31.547775268554688
model.layers.13.mlp.down_proj.weight,34.793060302734375
model.layers.13.input_layernorm.weight,0.32366424798965454
model.layers.13.post_attention_layernorm.weight,0.4653474688529968
model.layers.14.self_attn.q_proj.weight,7.980760097503662
model.layers.14.self_attn.k_proj.weight,2.831580400466919
model.layers.14.self_attn.v_proj.weight,4.754144668579102
model.layers.14.self_attn.o_proj.weight,17.02932357788086
model.layers.14.mlp.gate_proj.weight,23.056175231933594
model.layers.14.mlp.up_proj.weight,32.83043670654297
model.layers.14.mlp.down_proj.weight,35.76963424682617
model.layers.14.input_layernorm.weight,0.29689013957977295
model.layers.14.post_attention_layernorm.weight,0.4800853729248047
model.layers.15.self_attn.q_proj.weight,6.395632743835449
model.layers.15.self_attn.k_proj.weight,2.9025113582611084
model.layers.15.self_attn.v_proj.weight,5.371158599853516
model.layers.15.self_attn.o_proj.weight,15.652873992919922
model.layers.15.mlp.gate_proj.weight,23.009931564331055
model.layers.15.mlp.up_proj.weight,33.76015853881836
model.layers.15.mlp.down_proj.weight,39.214385986328125
model.layers.15.input_layernorm.weight,0.31812041997909546
model.layers.15.post_attention_layernorm.weight,0.49148792028427124
model.layers.16.self_attn.q_proj.weight,6.262176513671875
model.layers.16.self_attn.k_proj.weight,2.5724246501922607
model.layers.16.self_attn.v_proj.weight,5.311262607574463
model.layers.16.self_attn.o_proj.weight,13.703214645385742
model.layers.16.mlp.gate_proj.weight,23.978267669677734
model.layers.16.mlp.up_proj.weight,33.63733673095703
model.layers.16.mlp.down_proj.weight,37.97840881347656
model.layers.16.input_layernorm.weight,0.2891140580177307
model.layers.16.post_attention_layernorm.weight,0.5116856098175049
model.layers.17.self_attn.q_proj.weight,5.77663516998291
model.layers.17.self_attn.k_proj.weight,2.594175338745117
model.layers.17.self_attn.v_proj.weight,5.020537376403809
model.layers.17.self_attn.o_proj.weight,11.719931602478027
model.layers.17.mlp.gate_proj.weight,23.893356323242188
model.layers.17.mlp.up_proj.weight,33.1427116394043
model.layers.17.mlp.down_proj.weight,38.79513168334961
model.layers.17.input_layernorm.weight,0.30957990884780884
model.layers.17.post_attention_layernorm.weight,0.4955618977546692
model.layers.18.self_attn.q_proj.weight,5.843729019165039
model.layers.18.self_attn.k_proj.weight,2.381073474884033
model.layers.18.self_attn.v_proj.weight,3.9147253036499023
model.layers.18.self_attn.o_proj.weight,9.891802787780762
model.layers.18.mlp.gate_proj.weight,24.775623321533203
model.layers.18.mlp.up_proj.weight,32.18476104736328
model.layers.18.mlp.down_proj.weight,36.670310974121094
model.layers.18.input_layernorm.weight,0.25575894117355347
model.layers.18.post_attention_layernorm.weight,0.4783768653869629
model.layers.19.self_attn.q_proj.weight,4.184872627258301
model.layers.19.self_attn.k_proj.weight,1.8888853788375854
model.layers.19.self_attn.v_proj.weight,2.969233989715576
model.layers.19.self_attn.o_proj.weight,6.994339942932129
model.layers.19.mlp.gate_proj.weight,25.403636932373047
model.layers.19.mlp.up_proj.weight,31.628379821777344
model.layers.19.mlp.down_proj.weight,35.672462463378906
model.layers.19.input_layernorm.weight,0.20064777135849
model.layers.19.post_attention_layernorm.weight,0.47446054220199585
model.layers.20.self_attn.q_proj.weight,4.135843276977539
model.layers.20.self_attn.k_proj.weight,1.8252294063568115
model.layers.20.self_attn.v_proj.weight,3.0678391456604004
model.layers.20.self_attn.o_proj.weight,6.4938063621521
model.layers.20.mlp.gate_proj.weight,25.978954315185547
model.layers.20.mlp.up_proj.weight,31.141910552978516
model.layers.20.mlp.down_proj.weight,34.61411666870117
model.layers.20.input_layernorm.weight,0.2145463228225708
model.layers.20.post_attention_layernorm.weight,0.47223109006881714
model.layers.21.self_attn.q_proj.weight,4.986642837524414
model.layers.21.self_attn.k_proj.weight,2.1942126750946045
model.layers.21.self_attn.v_proj.weight,3.505985736846924
model.layers.21.self_attn.o_proj.weight,8.180981636047363
model.layers.21.mlp.gate_proj.weight,25.869327545166016
model.layers.21.mlp.up_proj.weight,30.837871551513672
model.layers.21.mlp.down_proj.weight,34.496726989746094
model.layers.21.input_layernorm.weight,0.219821035861969
model.layers.21.post_attention_layernorm.weight,0.4751819968223572
model.layers.22.self_attn.q_proj.weight,3.647742748260498
model.layers.22.self_attn.k_proj.weight,1.5436573028564453
model.layers.22.self_attn.v_proj.weight,2.6514992713928223
model.layers.22.self_attn.o_proj.weight,6.5319929122924805
model.layers.22.mlp.gate_proj.weight,25.79703140258789
model.layers.22.mlp.up_proj.weight,29.67345428466797
model.layers.22.mlp.down_proj.weight,33.42387390136719
model.layers.22.input_layernorm.weight,0.17244309186935425
model.layers.22.post_attention_layernorm.weight,0.45707839727401733
model.layers.23.self_attn.q_proj.weight,3.229403495788574
model.layers.23.self_attn.k_proj.weight,1.4606515169143677
model.layers.23.self_attn.v_proj.weight,2.753964900970459
model.layers.23.self_attn.o_proj.weight,6.102085590362549
model.layers.23.mlp.gate_proj.weight,25.988143920898438
model.layers.23.mlp.up_proj.weight,29.132076263427734
model.layers.23.mlp.down_proj.weight,31.997432708740234
model.layers.23.input_layernorm.weight,0.17898058891296387
model.layers.23.post_attention_layernorm.weight,0.45359623432159424
model.layers.24.self_attn.q_proj.weight,3.006758689880371
model.layers.24.self_attn.k_proj.weight,1.4051622152328491
model.layers.24.self_attn.v_proj.weight,2.4479475021362305
model.layers.24.self_attn.o_proj.weight,5.375517845153809
model.layers.24.mlp.gate_proj.weight,25.91988754272461
model.layers.24.mlp.up_proj.weight,28.34396743774414
model.layers.24.mlp.down_proj.weight,30.770687103271484
model.layers.24.input_layernorm.weight,0.15743160247802734
model.layers.24.post_attention_layernorm.weight,0.43181246519088745
model.layers.25.self_attn.q_proj.weight,3.45924973487854
model.layers.25.self_attn.k_proj.weight,1.5706813335418701
model.layers.25.self_attn.v_proj.weight,2.646409034729004
model.layers.25.self_attn.o_proj.weight,5.923095703125
model.layers.25.mlp.gate_proj.weight,25.904449462890625
model.layers.25.mlp.up_proj.weight,27.977184295654297
model.layers.25.mlp.down_proj.weight,29.823974609375
model.layers.25.input_layernorm.weight,0.16453784704208374
model.layers.25.post_attention_layernorm.weight,0.44490325450897217
model.layers.26.self_attn.q_proj.weight,3.4836103916168213
model.layers.26.self_attn.k_proj.weight,1.6337275505065918
model.layers.26.self_attn.v_proj.weight,2.9637298583984375
model.layers.26.self_attn.o_proj.weight,6.236993789672852
model.layers.26.mlp.gate_proj.weight,26.309494018554688
model.layers.26.mlp.up_proj.weight,28.252655029296875
model.layers.26.mlp.down_proj.weight,29.610191345214844
model.layers.26.input_layernorm.weight,0.19800806045532227
model.layers.26.post_attention_layernorm.weight,0.4552035331726074
model.layers.27.self_attn.q_proj.weight,4.15584135055542
model.layers.27.self_attn.k_proj.weight,1.8532350063323975
model.layers.27.self_attn.v_proj.weight,3.021176815032959
model.layers.27.self_attn.o_proj.weight,7.323219299316406
model.layers.27.mlp.gate_proj.weight,26.46832275390625
model.layers.27.mlp.up_proj.weight,28.331207275390625
model.layers.27.mlp.down_proj.weight,28.890758514404297
model.layers.27.input_layernorm.weight,0.21383976936340332
model.layers.27.post_attention_layernorm.weight,0.4572114944458008
model.layers.28.self_attn.q_proj.weight,3.2297873497009277
model.layers.28.self_attn.k_proj.weight,1.4112229347229004
model.layers.28.self_attn.v_proj.weight,3.115452766418457
model.layers.28.self_attn.o_proj.weight,6.911924362182617
model.layers.28.mlp.gate_proj.weight,26.007793426513672
model.layers.28.mlp.up_proj.weight,27.956344604492188
model.layers.28.mlp.down_proj.weight,29.695125579833984
model.layers.28.input_layernorm.weight,0.1797512173652649
model.layers.28.post_attention_layernorm.weight,0.4586326479911804
model.layers.29.self_attn.q_proj.weight,3.5632259845733643
model.layers.29.self_attn.k_proj.weight,1.6639881134033203
model.layers.29.self_attn.v_proj.weight,3.143259286880493
model.layers.29.self_attn.o_proj.weight,7.049342632293701
model.layers.29.mlp.gate_proj.weight,24.995105743408203
model.layers.29.mlp.up_proj.weight,27.38003921508789
model.layers.29.mlp.down_proj.weight,31.428455352783203
model.layers.29.input_layernorm.weight,0.20739376544952393
model.layers.29.post_attention_layernorm.weight,0.5258432030677795
model.layers.30.self_attn.q_proj.weight,3.5793027877807617
model.layers.30.self_attn.k_proj.weight,1.5948824882507324
model.layers.30.self_attn.v_proj.weight,3.7611799240112305
model.layers.30.self_attn.o_proj.weight,8.649730682373047
model.layers.30.mlp.gate_proj.weight,26.157756805419922
model.layers.30.mlp.up_proj.weight,29.80056381225586
model.layers.30.mlp.down_proj.weight,36.955806732177734
model.layers.30.input_layernorm.weight,0.2292708158493042
model.layers.30.post_attention_layernorm.weight,0.6629071235656738
model.layers.31.self_attn.q_proj.weight,4.449190139770508
model.layers.31.self_attn.k_proj.weight,2.3029944896698
model.layers.31.self_attn.v_proj.weight,4.814375877380371
model.layers.31.self_attn.o_proj.weight,12.016090393066406
model.layers.31.mlp.gate_proj.weight,32.97126770019531
model.layers.31.mlp.up_proj.weight,40.26852035522461
model.layers.31.mlp.down_proj.weight,70.70802307128906
model.layers.31.input_layernorm.weight,0.2700634002685547
model.layers.31.post_attention_layernorm.weight,1.1375564336776733
model.norm.weight,2.1530332565307617
lm_head.weight,54.25787353515625
